periode_data, wilayah                  , no_registrasi, jenis_halte , kode_barang , lokasi_alamat                                                                                                                                                                                               , lintang   , bujur
        2024, KOTA ADM. JAKARTA PUSAT  , HLT202400001 , TRANSJAKARTA, 133010135001, "Jl. Jend. Ahmad Yani, Klp. Gading Bar., Kec. Klp. Gading, Kota KOTA ADM. JAKARTA PUSAT, Daerah Khusus Ibukota Jakarta 14240 (Halte Busway Cempaka Mas 2)"                                                  , -6.1659394, 106.87932
        2024, KOTA ADM. JAKARTA TIMUR  , HLT202400003 , TRANSJAKARTA, 133010135001, "JL. DI. Panjaitan RT.12/RW.1, Cipinang Besar Selatan, Jatinegara, Kota KOTA ADM. JAKARTA TIMUR, 13340 (Halte Busway Penas Kalimalang)"                                                                     , -6.239132 , 106.8778751
        2024, KOTA ADM. JAKARTA SELATAN, HLT202400028 , TRANSJAKARTA, 133010135001, "Jl. Warung Jati Bar., Kota KOTA ADM. JAKARTA SELATAN, Daerah Khusus Ibukota Jakarta 12510 (Halte Busway Pejaten)"                                                                                          , -6.2784468, 106.8298568
        2024, KOTA ADM. JAKARTA PUSAT  , HLT202400031 , TRANSJAKARTA, 133010135001, "Jl. Wr. Jati Timur Raya, RT.12/RW.5, Kalibata, Kec. Pancoran, Kota KOTA ADM. JAKARTA SELATAN, Daerah Khusus Ibukota Jakarta 12510 (Halte Busway Buncit Indah)"                                             , -6.27492  , 106.83029
        2024, KOTA ADM. JAKARTA SELATAN, HLT202400032 , TRANSJAKARTA, 133010135001, "Jl. Warung Buncit Raya No.324, RT.6/RW.3, Kalibata, Kec. Pancoran, Kota KOTA ADM. JAKARTA SELATAN, Daerah Khusus Ibukota Jakarta 12740 (Halte Busway Warung Jati)"                                         , -6.2624117, 106.8299219
        2024, KOTA ADM. JAKARTA SELATAN, HLT202400034 , TRANSJAKARTA, 133010135001, "Jl. Mampang Prapatan Raya RT.2/RW.1, Duren Tiga, Pancoran, Kota KOTA ADM. JAKARTA SELATAN, 12760 (Halte Busway Imigrasi)"                                                                                  , -6.2421656, 106.8257643
        2024, KOTA ADM. JAKARTA SELATAN, HLT202400038 , TRANSJAKARTA, 133010135001, "Depkes RT.7/RW.4, Kuningan Timur, Kota KOTA ADM. JAKARTA SELATAN, 12950"                                                                                                                                   , -6.2286521, 106.8336155
        2024, KOTA ADM. JAKARTA PUSAT  , HLT202400041 , TRANSJAKARTA, 133010135001, "JL. H.R. Rasuna Said, Menteng, 10310 KOTA ADM. JAKARTA PUSAT, Indonesia, Jakarta (Halte Busway Latuharhari)"                                                                                               , -6.2030398, 106.8275578
        2024, KOTA ADM. JAKARTA TIMUR  , HLT202400043 , TRANSJAKARTA, 133010118004, "Jl. Iskandar Muda RT.7/RW.8, Kelurahan Kebayoran Lama Selatan, Kecamatan Kebayoran Lama (Halte Kodam)"                                                                                                     , -6.2545648, 106.7818677
        2024, KOTA ADM. JAKARTA TIMUR  , HLT202400044 , TRANSJAKARTA, 133010135001, "Jl. DI. Panjaitan RT.2/RW.3, Cipinang Besar Utara, Kecamatan Jatinegara, Kota KOTA ADM. JAKARTA TIMUR, Daerah Khusus Ibukota Jakarta 13350 (Halte Busway Pedati Prumpung)"                                 , -6.219961 , 106.8742271
        2024, KOTA ADM. JAKARTA PUSAT  , HLT202400047 , TRANSJAKARTA, 133010135001, "Jl. Otto Iskandardinata RT.5/RW.12, Kp. Melayu, Kecamatan Jatinegara, Kota KOTA ADM. JAKARTA TIMUR, Daerah Khusus Ibukota Jakarta 13330 (Halte Busway Cawang Otista)"                                      , -6.2436829, 106.868682
        2024, KOTA ADM. JAKARTA BARAT  , HLT202400049 , TRANSJAKARTA, 133010118004, "Jl. St. Senen, RW.3, Senen, Kec. Senen, Kota KOTA ADM. JAKARTA PUSAT, Daerah Khusus Ibukota Jakarta 10410 (Depan Ps. Senen)"                                                                               , -6.1762433, 106.8434783
        2024, KOTA ADM. JAKARTA TIMUR  , HLT202400050 , TRANSJAKARTA, 133010135001, "Jl. Matraman Raya RT.1/RW.6, Bali Mester, Jatinegara, Kota KOTA ADM. JAKARTA TIMUR, 13320 (Halte Busway Kebon Pala)"                                                                                       , -6.2128497, 106.8612291
        2024, KOTA ADM. JAKARTA TIMUR  , HLT202400051 , TRANSJAKARTA, 133010135001, "Jl. Matraman Raya RT.4/RW.3, Palmeriam, Kec. Matraman, Kota KOTA ADM. JAKARTA TIMUR, Daerah Khusus Ibukota Jakarta 13150 (Halte Busway Slamet Riyadi)"                                                     , -6.2083358, 106.8590001
        2024, KOTA ADM. JAKARTA TIMUR  , HLT202400053 , TRANSJAKARTA, 133010135001, "Jl. Matraman Raya RT.5/RW.4, Palmeriam, Kec. Matraman, Kota KOTA ADM. JAKARTA TIMUR, Daerah Khusus Ibukota Jakarta 13150 (Halte Busway Tegalan)"                                                           , -6.2029849, 106.8573155
        2024, KOTA ADM. JAKARTA PUSAT  , HLT202400055 , TRANSJAKARTA, 133010135001, "Jl. Salemba Raya RT.4/RW.5, Paseban, Senen, Kota KOTA ADM. JAKARTA PUSAT, Daerah Khusus Ibukota Jakarta 10430 (Halte Busway Salemba Capitol Park Carolus)"                                                 , -6.1968845, 106.8511221
        2024, KOTA ADM. JAKARTA PUSAT  , HLT202400057 , TRANSJAKARTA, 133010135001, "Jl. Salemba Raya RT.1/RW.3, Paseban, Kec. Senen, Kota KOTA ADM. JAKARTA PUSAT, Daerah Khusus Ibukota Jakarta 10430 (Halte Busway Salemba UI)"                                                              , -6.1935802, 106.8492002
        2024, KOTA ADM. JAKARTA PUSAT  , HLT202400059 , TRANSJAKARTA, 133010135001, "Jl. Kramat Raya RT.1/RW.8, Kramat, Senen, Kota KOTA ADM. JAKARTA PUSAT, Daerah Khusus Ibukota Jakarta 10430 (Halte Busway Kramat Sentiong)"                                                                , -6.18856  , 106.8462447
        2024, KOTA ADM. JAKARTA SELATAN, HLT202400061 , TRANSJAKARTA, 133010118004, "Jl. Kramat Raya RT.18/RW.1, Paseban, Kec. Senen, Kota KOTA ADM. JAKARTA PUSAT, Daerah Khusus Ibukota Jakarta (Bawah JPO Depan Plaza Kenari)"                                                               , -6.1913672, 106.8481697
        2024, KOTA ADM. JAKARTA PUSAT  , HLT202400062 , TRANSJAKARTA, 133010135001, "Jl. Kramat Raya RT.3/RW.4, Kramat, Senen, Kota KOTA ADM. JAKARTA PUSAT, 10420 (Halte Busway Pal Putih)"                                                                                                    , -6.1843289, 106.8441604
        2024, KOTA ADM. JAKARTA TIMUR  , HLT202400063 , TRANSJAKARTA, 133010135001, "Jl. Utan Kayu Raya No.109b, RW.10, Utan Kayu Utara, Kec. Matraman, Kota KOTA ADM. JAKARTA TIMUR, Daerah Khusus Ibukota Jakarta 13120 (Halte Busway Utan Kayu Rawamangun)"                                  , -6.19747  , 106.8740662
        2024, KOTA ADM. JAKARTA PUSAT  , HLT202400066 , TRANSJAKARTA, 133010135001, "Jl. St. Senen RW.2, Senen, Kec. Senen, Kota KOTA ADM. JAKARTA PUSAT, Daerah Khusus Ibukota Jakarta 10410 (Halte Busway Sentral Senen)"                                                                     , -6.1785041, 106.8424214
        2024, KOTA ADM. JAKARTA SELATAN, HLT202400067 , TRANSJAKARTA, 133010118004, "Jl. Kramat Raya, RT.2/RW.9, Kwitang, Kec. Senen, Kota KOTA ADM. JAKARTA PUSAT, Daerah Khusus Ibukota Jakarta (Halte YAI)"                                                                                  , -6.1929687, 106.8490106
        2024, KOTA ADM. JAKARTA PUSAT  , HLT202400068 , TRANSJAKARTA, 133010135001, "Jl. Budi Utomo, Ps. Baru, Kecamatan Sawah Besar, Kota KOTA ADM. JAKARTA PUSAT, Daerah Khusus Ibukota Jakarta 10710 (Halte Busway Budi Utomo)"                                                              , -6.1660272, 106.8390382
        2024, KOTA ADM. JAKARTA SELATAN, HLT202400069 , TRANSJAKARTA, 133010118004, Jl. Letjen S.Parman RT.06/RW.03 Kelurahan Slipi Kecamatan Palmerah (Sebrang Mall Slipi)                                                                                                                     , -6.1887117, 106.7967417
        2024, KOTA ADM. JAKARTA PUSAT  , HLT202400070 , TRANSJAKARTA, 133010135001, "Jalan Gunung Sahari, Daerah Khusus Ibukota Jakarta, Indonesia|Jalan Pos, Pasar Baru, Sawah Besar, Daerah Khusus Ibukota Jakarta (Halte Busway Pasar Baru Timur)"                                           , -6.1625049, 106.8380419
        2024, KOTA ADM. JAKARTA PUSAT  , HLT202400072 , TRANSJAKARTA, 133010135001, "Jl. Gunung Sahari Barat Pademangan, Pademangan, Utara Jakarta Kota, Jakarta (Halte Busway Gunung Sahari)"                                                                                                  , -6.1338118, 106.8316743
        2024, KOTA ADM. JAKARTA PUSAT  , HLT202400166 , TRANSJAKARTA, 133010135001, "Jl. Ir. H. Juanda No.7, RW.8, Kb. Klp., Kecamatan Gambir, Kota KOTA ADM. JAKARTA PUSAT, Daerah Khusus Ibukota Jakarta 10110 (Halte Busway Pecenongan)"                                                     , -6.1668841, 106.8258306
        2024, KOTA ADM. JAKARTA PUSAT  , HLT202400169 , TRANSJAKARTA, 133010135001, "Jl. Silang Merdeka Utara RT.5/RW.2, Gambir, Kota KOTA ADM. JAKARTA PUSAT, 10110 (Halte Busway Gambir 2)"                                                                                                   , -6.1788859, 106.8310215
        2024, KOTA ADM. JAKARTA PUSAT  , HLT202400171 , TRANSJAKARTA, 133010135001, "Jl. Prajurit KKO Usman dan Harun No.28, Senen, Kec. Senen, Kota KOTA ADM. JAKARTA PUSAT, Daerah Khusus Ibukota Jakarta 10410 (Halte Busway Kwitang)"                                                       , -6.1831767, 106.823257
        2024, KOTA ADM. JAKARTA TIMUR  , HLT202400172 , TRANSJAKARTA, 133010135001, "Jl. Bekasi Barat, RT.4/RW.2, Rw. Bunga, Kecamatan Jatinegara, Kota KOTA ADM. JAKARTA TIMUR, Daerah Khusus Ibukota Jakarta 13350 (Halte Busway Stasiun Jatinegara)"                                         , -6.2155356, 106.8692022
        2024, KOTA ADM. JAKARTA TIMUR  , HLT202400175 , TRANSJAKARTA, 133010135001, "Jl. Raya Bekasi Pulo Gadung, Kota KOTA ADM. JAKARTA TIMUR, 13260 (Halte Busway Pulogadung)"                                                                                                                , -6.1834383, 106.9087133
        2024, KOTA ADM. JAKARTA PUSAT  , HLT202400177 , TRANSJAKARTA, 133010135001, "Jalan Daan Mogot, RT.2/RW.12, Kalideres, Kota KOTA ADM. JAKARTA BARAT, 11840 (Halte Busway Pesakih)"                                                                                                       , -6.1549467, 106.715215
        2024, KOTA ADM. JAKARTA PUSAT  , HLT202400181 , TRANSJAKARTA, 133010135001, "Jl. Hayam Wuruk RT.4/RW.9, Maphar, Kec. Taman Sari, Kota KOTA ADM. JAKARTA BARAT, Daerah Khusus Ibukota Jakarta 11130 (Halte Busway Mangga Besar)"                                                         , -6.1601304, 106.8171324
        2024, KOTA ADM. JAKARTA BARAT  , HLT202400182 , TRANSJAKARTA, 133010135001, "Jl. Gajah Mada RT.4/RW.6, Mangga Besar, Kec. Taman Sari, Kota KOTA ADM. JAKARTA BARAT, Daerah Khusus Ibukota Jakarta 11130 (Halte Busway Olimo)"                                                           , -6.1491567, 106.8168305
        2024, KOTA ADM. JAKARTA SELATAN, HLT202400183 , TRANSJAKARTA, 133010118004, "Jl. Lapangan Bola, RW.1, Kb. Jeruk, Kec. Kb. Jeruk, Kota KOTA ADM. JAKARTA BARAT, Daerah Khusus Ibukota Jakarta 11530 (Sebrang Prudential)"                                                                , -6.1972191, 106.7665965
        2024, KOTA ADM. JAKARTA BARAT  , HLT202400184 , TRANSJAKARTA, 133010135001, "Jl. Gajah Mada RT.1/RW.6, Mangga Besar, Kec. Taman Sari, Kota KOTA ADM. JAKARTA BARAT, Daerah Khusus Ibukota Jakarta 11120 (Halte Busway Glodok)"                                                          , -6.1436317, 106.8153133
        2024, KOTA ADM. JAKARTA PUSAT  , HLT202400074 , TRANSJAKARTA, 133010135001, "Jl. Gunung Sahari RT.16/RW.3, Gn. Sahari Utara, Kecamatan Sawah Besar, Kota KOTA ADM. JAKARTA PUSAT, Daerah Khusus Ibukota Jakarta 10720 (Halte Jembatan Merah)"                                           , -6.1465179, 106.834221
        2024, KOTA ADM. JAKARTA UTARA  , HLT202400076 , TRANSJAKARTA, 133010135001, "Pantai Indah RW.10, Ancol, Kec. Pademangan, Kota Jkt Utara, Daerah Khusus Ibukota Jakarta 14430 (Halte Busway Taman Impian Jaya Ancol)"                                                                    , -6.1274594, 106.8306674
        2024, KOTA ADM. JAKARTA SELATAN, HLT202400077 , TRANSJAKARTA, 133010118004, "Jl. Merdeka Selatan KOTA ADM. JAKARTA PUSAT, RT.11/RW.2, Gambir, Kecamatan Gambir, Kota KOTA ADM. JAKARTA PUSAT, Daerah Khusus Ibukota Jakarta 10110 (Depan GTO Gambir)"                                   , -6.1791258, 106.8312343
        2024, KOTA ADM. JAKARTA SELATAN, HLT202400078 , TRANSJAKARTA, 133010135001, "Jl. Saco Ragunan, Kec. Ps. Minggu, Kota KOTA ADM. JAKARTA SELATAN, Daerah Khusus Ibukota Jakarta 12550 (Halte Busway Kebun Binatang Ragunan)"                                                              , -6.3057643, 106.8193656
        2024, KOTA ADM. JAKARTA PUSAT  , HLT202400080 , TRANSJAKARTA, 133010135001, "Jl. Matraman Raya Palmeriam, Kec. Matraman, Kota KOTA ADM. JAKARTA TIMUR, Daerah Khusus Ibukota Jakarta (Halte Busway Matraman 1)"                                                                         , -6.2003545, 106.8549724
        2024, KOTA ADM. JAKARTA TIMUR  , HLT202400082 , TRANSJAKARTA, 133010135001, "Flyover Pramuka RT.1/RW.1, Palmeriam, Kec. Matraman, Kota KOTA ADM. JAKARTA TIMUR, Daerah Khusus Ibukota Jakarta 10440 (Halte Busway Matraman 2)"                                                          , -6.1989115, 106.8545874
        2024, KOTA ADM. JAKARTA SELATAN, HLT202400083 , TRANSJAKARTA, 133010118004, "Jl. Danau Sunter Utara, RT.1/RW.10, Sunter Agung, Tj. Priok, Kota Jkt Utara, Daerah Khusus Ibukota Jakarta 14350 (Halte Bus Sekolah)"                                                                      , -6.1396909, 106.8804609
        2024, KOTA ADM. JAKARTA PUSAT  , HLT202400085 , TRANSJAKARTA, 133010135001, "Jalan Pramuka Raya, RT.7/RW.2, Rawasari, Kec. Cemp. Putih, Kota KOTA ADM. JAKARTA PUSAT, Daerah Khusus Ibukota Jakarta 10570 (Halte Busway Pasar Genjing)"                                                 , -6.1928413, 106.8644537
        2024, KOTA ADM. JAKARTA TIMUR  , HLT202400087 , TRANSJAKARTA, 133010118004, Jl. Raya Jakarta-Bogor RT.3/RW.7 Kelurahan Kampung Tengah Kecamatan Kramat Jati (Halte Pasar Induk)                                                                                                         , -6.2974945, 106.8711413
        2024, KOTA ADM. JAKARTA TIMUR  , HLT202400089 , TRANSJAKARTA, 133010135001, "Jl. Utan Kayu Raya No.109b, RW.10, Utan Kayu Utara, Kec. Matraman, Kota KOTA ADM. JAKARTA TIMUR, Daerah Khusus Ibukota Jakarta 13120 (Halte Busway Utan Kayu Rawamangun)"                                  , -6.1927721, 106.8645919
        2024, KOTA ADM. JAKARTA PUSAT  , HLT202400091 , TRANSJAKARTA, 133010135001, "Jl. Pramuka, RT.6/RW.8, Utan Kayu Utara, Kec. Matraman, Kota KOTA ADM. JAKARTA TIMUR, Daerah Khusus Ibukota Jakarta 13120 (Halte Busway Pramuka LIA)"                                                      , -6.1923028, 106.8684669
        2024, KOTA ADM. JAKARTA SELATAN, HLT202400092 , TRANSJAKARTA, 133010118004, "Jl. DI. Panjaitan RT.1/RW.3, Cipinang Cempedak, Jatinegara, East Jakarta City, Jakarta (Halte Penas Kalimalang)"                                                                                           , -6.2391734, 106.8779032
        2024, KOTA ADM. JAKARTA PUSAT  , HLT202400093 , TRANSJAKARTA, 133010135001, "Jl. Pramuka RT.14/RW.8, Rawasari, Kec. Cemp. Putih, Kota KOTA ADM. JAKARTA PUSAT, Daerah Khusus Ibukota Jakarta 13120 (Halte Busway Pramuka BPKP)"                                                         , -6.192177 , 106.8737861
        2024, KOTA ADM. JAKARTA PUSAT  , HLT202400095 , TRANSJAKARTA, 133010118004, "Jl. Bungur Raya RT.7/RW.1, Kemayoran, Kec. Kemayoran, Kota KOTA ADM. JAKARTA PUSAT, Daerah Khusus Ibukota Jakarta (Halte IBIS)"                                                                            , -6.165702 , 106.8414867
        2024, KOTA ADM. JAKARTA TIMUR  , HLT202400096 , TRANSJAKARTA, 133010135001, "Jl. Pemuda, RT.13/RW.2, Rawamangun, Kec. Pulo Gadung, Kota KOTA ADM. JAKARTA TIMUR, Daerah Khusus Ibukota Jakarta 13220 (Halte Busway UNJ)"                                                                , -6.1930517, 106.8803433
        2024, KOTA ADM. JAKARTA TIMUR  , HLT202400098 , TRANSJAKARTA, 133010135001, "Jl. Pemuda, RT.9/RW.3, Rawamangun, Kec. Pulo Gadung, Kota KOTA ADM. JAKARTA TIMUR, Daerah Khusus Ibukota Jakarta 13220 (Halte Busway Sunan Giri)"                                                          , -6.1935247, 106.8844111
        2024, KOTA ADM. JAKARTA PUSAT  , HLT202400100 , TRANSJAKARTA, 133010135001, "Jl. Pemuda RT.8/RW.5, Rawamangun, Kec. Pulo Gadung, Kota KOTA ADM. JAKARTA TIMUR, Daerah Khusus Ibukota Jakarta 13220 (Halte Busway Velodrome)"                                                            , -6.1934772, 106.8883216
        2024, KOTA ADM. JAKARTA TIMUR  , HLT202400101 , TRANSJAKARTA, 133010135001, "Jl. Pemuda, RT.3/RW.1, Jati, Kec. Pulo Gadung, Kota KOTA ADM. JAKARTA TIMUR, Daerah Khusus Ibukota Jakarta 13220 (Halte Busway Pemuda Rawamangun)"                                                         , -6.19369  , 106.8919333
        2024, KOTA ADM. JAKARTA TIMUR  , HLT202400103 , TRANSJAKARTA, 133010135001, "Jl. Pemuda No.2, Jatinegara Kaum, Kec. Pulo Gadung, Kota KOTA ADM. JAKARTA TIMUR, Daerah Khusus Ibukota Jakarta 13250 (Halte TU Gas)"                                                                      , -6.1930208, 106.9047947
        2024, KOTA ADM. JAKARTA PUSAT  , HLT202400105 , TRANSJAKARTA, 133010135001, "Jl. Raya Bekasi Rw. Terate, Kec. Cakung, Kota KOTA ADM. JAKARTA TIMUR, Daerah Khusus Ibukota Jakarta (Halte Busway Pasar Pulogadung)"                                                                      , -6.1874643, 106.9059925
        2024, KOTA ADM. JAKARTA TIMUR  , HLT202400107 , TRANSJAKARTA, 133010135001, "Jl. Jatinegara Timur No.105, Bali Mester, Kecamatan Jatinegara, Kota KOTA ADM. JAKARTA TIMUR, Daerah Khusus Ibukota Jakarta 13310 (Halte Kampung Melayu)"                                                  , -6.2247089, 106.8673894
        2024, KOTA ADM. JAKARTA TIMUR  , HLT202400109 , TRANSJAKARTA, 133010135001, "Jl. Jend. Ahmad Yani RT.6/RW.11, Kayu Putih, Kota KOTA ADM. JAKARTA TIMUR, 10510 (Halte Busway Pulomas Bypass)"                                                                                            , -6.1769625, 106.8759286
        2024, KOTA ADM. JAKARTA BARAT  , HLT202400110 , TRANSJAKARTA, 133010118004, "Jl. Nasional 12, KOTA ADM. JAKARTA SELATAN, RT.6/RW.7, Pd. Pinang, Kec. Kby. Lama, Kota KOTA ADM. JAKARTA SELATAN, Daerah Khusus Ibukota Jakarta 12310 (Halte Selapa)"                                     , -6.2859257, 106.7713939
        2024, KOTA ADM. JAKARTA UTARA  , HLT202400111 , TRANSJAKARTA, 133010135001, "Jl. Gunung Sahari RT.1/RW.13, Pademangan Bar., Kec. Pademangan, Kota Jkt Utara, Daerah Khusus Ibukota Jakarta 14420 (Halte Busway Pademangan)"                                                             , -6.1367671, 106.8322006
        2024, KOTA ADM. JAKARTA TIMUR  , HLT202400113 , TRANSJAKARTA, 133010135001, "Jl. Jatinegara Tim., Bali Mester, Kecamatan Jatinegara, Kota KOTA ADM. JAKARTA TIMUR, Jawa Timur 13310 (Halte Busway Pasar Jatinegara)"                                                                    , -6.2156952, 106.866203
        2024, KOTA ADM. JAKARTA TIMUR  , HLT202400114 , TRANSJAKARTA, 133010118004, "Jl. Perintis Kemerdekaan No.15, Pulo Gadung, Kec. Cemp. Putih, Kota KOTA ADM. JAKARTA TIMUR, Daerah Khusus Ibukota Jakarta 13260 (Halte Cempaka Mas 2)"                                                    , -6.1784135, 106.8967598
        2024, KOTA ADM. JAKARTA BARAT  , HLT202400115 , TRANSJAKARTA, 133010135001, "Jl. Sumur Bor No.15, RW.2, Cengkareng Bar., Kecamatan Cengkareng, Kota KOTA ADM. JAKARTA BARAT, Daerah Khusus Ibukota Jakarta 11730 (Halte Busway Sumur Bor)"                                              , -6.1534517, 106.7190868
        2024, KOTA ADM. JAKARTA BARAT  , HLT202400117 , TRANSJAKARTA, 133010135001, "Jalan AA, RW.2, Cengkareng Barat, Cengkareng, Kota KOTA ADM. JAKARTA BARAT, 11730 (Halte Busway Rawa Buaya)"                                                                                               , -6.1545048, 106.7262906
        2024, KOTA ADM. JAKARTA BARAT  , HLT202400119 , TRANSJAKARTA, 133010135001, "Halte Busway Jl. Daan Mogot RT.6/RW.1, Tim, Cengkareng Tim., Kecamatan Cengkareng, 11730 (Halte Busway Jembatan Baru)"                                                                                     , -6.1549847, 106.7307999
        2024, KOTA ADM. JAKARTA PUSAT  , HLT202400121 , TRANSJAKARTA, 133010135001, "Jl. Daan Mogot Cengkareng Tim., Kecamatan Cengkareng, Kota KOTA ADM. JAKARTA BARAT, Daerah Khusus Ibukota Jakarta (Halte Busway Dispenda)"                                                                 , -6.1552482, 106.7387304
        2024, KOTA ADM. JAKARTA BARAT  , HLT202400123 , TRANSJAKARTA, 133010135001, "Jembatan Gantung RT.1/RW.4, Kedaung Kali Angke, Cengkareng, Kota KOTA ADM. JAKARTA BARAT, Daerah Khusus Ibukota Jakarta 11710"                                                                             , -6.1555509, 106.7489361
        2024, KOTA ADM. JAKARTA TIMUR  , HLT202400124 , TRANSJAKARTA, 133010118004, "Jl. HR. Rasuna Said sisi Timur KOTA ADM. JAKARTA SELATAN, RT.5/RW.5, Kuningan, Karet, Kecamatan Setiabudi, Kota KOTA ADM. JAKARTA SELATAN, Daerah Khusus Ibukota Jakarta 12920 (Halte Jasa Raharja)"       , -6.210371 , 106.8307816
        2024, KOTA ADM. JAKARTA BARAT  , HLT202400125 , TRANSJAKARTA, 133010135001, "Jl. Taman Kota, Kedaung Kali Angke, Kecamatan Cengkareng, Kota KOTA ADM. JAKARTA BARAT, Daerah Khusus Ibukota Jakarta (Halte Busway Taman Kota)"                                                           , -6.1572979, 106.7577565
        2024, KOTA ADM. JAKARTA BARAT  , HLT202400127 , TRANSJAKARTA, 133010135001, "Jl. Raya Daan Mogot No.4, RW.5, Duri Kepa, Kec. Kb. Jeruk, Kota KOTA ADM. JAKARTA BARAT, Daerah Khusus Ibukota Jakarta 11510 (Halte Busway Indosiar)"                                                      , -6.163569 , 106.7754678
        2024, KOTA ADM. JAKARTA TIMUR  , HLT202400128 , TRANSJAKARTA, 133010118004, "Jl. HR. Rasuna Said sisi Timur KOTA ADM. JAKARTA SELATAN, RT.16/RW.4, Kuningan, Karet Kuningan, Kecamatan Setiabudi, Kota KOTA ADM. JAKARTA SELATAN, Daerah Khusus Ibukota Jakarta 12940 (Halte Pedurenan)", -6.2209625, 106.8318901
        2024, KOTA ADM. JAKARTA PUSAT  , HLT202400129 , TRANSJAKARTA, 133010135001, "Jl. Daan Mogot, RT.8/RW.4, Tj. Duren Utara, Kec. Grogol petamburan, Kota KOTA ADM. JAKARTA BARAT, Daerah Khusus Ibukota Jakarta 11470 (Halte Busway Jelambar)"                                             , -6.1666105, 106.7867836
        2024, KOTA ADM. JAKARTA PUSAT  , HLT202400130 , TRANSJAKARTA, 133010118004, "Jl. Jend. Sudirman 35-55, RT.5/RW.3, Senayan, Kec. Kby. Baru, Kota KOTA ADM. JAKARTA SELATAN, Daerah Khusus Ibukota Jakarta 10270 (Depan Graha CIMB)"                                                      , -6.2247169, 106.8058035
        2024, KOTA ADM. JAKARTA TIMUR  , HLT202400132 , TRANSJAKARTA, 133010135001, "Jl. Jend. Ahmad Yani, RW.12, Kayu Putih, Kec. Pulo Gadung, Kota KOTA ADM. JAKARTA TIMUR, Daerah Khusus Ibukota Jakarta 10510 (Halte Busway Cempaka Putih)"                                                 , -6.1741831, 106.8764453
        2024, KOTA ADM. JAKARTA PUSAT  , HLT202400133 , TRANSJAKARTA, 133010118004, "Jl. Jend. Sudirman 35-55, RT.5/RW.3, Senayan, Kec. Kby. Baru, Kota KOTA ADM. JAKARTA SELATAN, Daerah Khusus Ibukota Jakarta 10270 (Depan Graha CIMB)"                                                      , -6.2251214, 106.8057017
        2024, KOTA ADM. JAKARTA BARAT  , HLT202400134 , TRANSJAKARTA, 133010135001, "Jl. Kyai Tapa RT.6/RW.16, Grogol, Grogol petamburan, Kota KOTA ADM. JAKARTA BARAT, Daerah Khusus Ibukota Jakarta 11450 (Halte Busway Grogol 1)"                                                            , -6.165805 , 106.7959278
        2024, KOTA ADM. JAKARTA PUSAT  , HLT202400136 , TRANSJAKARTA, 133010135001, "Jl. Kyai Tapa RT.1/RW.3, Grogol, Grogol petamburan, Kota KOTA ADM. JAKARTA BARAT, 11450 (Halte Busway Sumber Waras)"                                                                                       , -6.1679846, 106.7901223
        2024, KOTA ADM. JAKARTA PUSAT  , HLT202400138 , TRANSJAKARTA, 133010135001, "Jl. Gedung Kesenian, Ps. Baru, Kecamatan Sawah Besar, Kota KOTA ADM. JAKARTA PUSAT, Daerah Khusus Ibukota Jakarta 10710 (Halte Busway Pasar Baru)"                                                         , -6.1661633, 106.8343023
        2024, KOTA ADM. JAKARTA SELATAN, HLT202400140 , TRANSJAKARTA, 133010135001, "Jl. Galunggung KOTA ADM. JAKARTA SELATAN, RT.3/RW.3, Kuningan, Setia Budi, Kecamatan Setiabudi, Kota KOTA ADM. JAKARTA SELATAN, Daerah Khusus Ibukota Jakarta 12910 (Halte Busway Dukuh Atas 2)"           , -6.2048495, 106.8246244
        2024, KOTA ADM. JAKARTA SELATAN, HLT202400142 , TRANSJAKARTA, 133010135001, "Jl. Sultan Agung, RT.12/RW.6, Guntur, Kecamatan Setiabudi, Kota KOTA ADM. JAKARTA SELATAN, Daerah Khusus Ibukota Jakarta 12980 (Halte Busway Halimun)"                                                     , -6.2053012, 106.8334399
        2024, KOTA ADM. JAKARTA SELATAN, HLT202400145 , TRANSJAKARTA, 133010135001, "Jalan Tambak, Indonesia|Jl. Sultan Agung Manggarai Tebet KOTA ADM. JAKARTA SELATAN DKI Jakarta, Indonesia, Daerah Khusus Ibukota Jakarta (Halte Busway Manggarai)"                                         , -6.2089682, 106.8470545
        2024, KOTA ADM. JAKARTA PUSAT  , HLT202400146 , TRANSJAKARTA, 133010135001, "JL. Let. Jend. Suprapto, Harapan Mulia, 10610 KOTA ADM. JAKARTA PUSAT, Indonesia, 10640, Indonesia, Cempaka Baru, Kemayoran, Kota KOTA ADM. JAKARTA PUSAT, DKI Jakarta(Halte Busway Rawa Selatan)"         , -6.1742583, 106.855015
        2024, KOTA ADM. JAKARTA PUSAT  , HLT202400148 , TRANSJAKARTA, 133010135001, "Jl. Letjend Suprapto RT.15/RW.3, Harapan Mulya, Kec. Kemayoran, Kota KOTA ADM. JAKARTA PUSAT, Daerah Khusus Ibukota Jakarta 10640 (Halte Busway Galur)"                                                    , -6.1741052, 106.8541236
        2024, KOTA ADM. JAKARTA SELATAN, HLT202400149 , TRANSJAKARTA, 133010118004, "Jl. TB Simatupang, RW.5, Tj. Bar., Kec. Jagakarsa, Kota KOTA ADM. JAKARTA SELATAN, Daerah Khusus Ibukota Jakarta 12530 (Halte Muara)"                                                                      , -6.3040771, 106.8501903
        2024, KOTA ADM. JAKARTA PUSAT  , HLT202400150 , TRANSJAKARTA, 133010135001, "KOTA ADM. JAKARTA PUSAT, RW.3, Senen, Kec. Senen, Kota KOTA ADM. JAKARTA PUSAT, Daerah Khusus Ibukota Jakarta 10410 (Halte Busway Senen)"                                                                  , -6.1781573, 106.8424494
        2024, KOTA ADM. JAKARTA TIMUR  , HLT202400152 , TRANSJAKARTA, 133010135001, "Jl. Jend. Ahmad Yani RT.12/RW.5, Pisangan Timur, Kota KOTA ADM. JAKARTA TIMUR, Daerah Khusus Ibukota Jakarta 13120 (Halte Busway Beacukai Ahmad Yani)"                                                     , -6.2053259, 106.873525
        2024, KOTA ADM. JAKARTA PUSAT  , HLT202400154 , TRANSJAKARTA, 133010135001, "Jl. H. Imam Sapie'ie No.46, RW.2, Senen, Kec. Senen, Kota KOTA ADM. JAKARTA PUSAT, Daerah Khusus Ibukota Jakarta 10410 (Halte Busway Atrium)"                                                              , -6.1762494, 106.8403058
        2024, KOTA ADM. JAKARTA PUSAT  , HLT202400156 , TRANSJAKARTA, 133010135001, "Jl. Kwini No.2, RT.6/RW.1, Senen, Kec. Senen, Kota KOTA ADM. JAKARTA PUSAT, Daerah Khusus Ibukota Jakarta 10410 (Halte Busway RSPAD)"                                                                      , -6.1754731, 106.8365835
        2024, KOTA ADM. JAKARTA PUSAT  , HLT202400157 , TRANSJAKARTA, 133010135001, "Jl. Abdul Rahman Saleh Raya, RT.9/RW.5, Senen, Kecamatan Sawah Besar, Kota KOTA ADM. JAKARTA PUSAT, Daerah Khusus Ibukota Jakarta 10410 (Halte Busway Departemen Luar Negeri)"                             , -6.1737381, 106.8348975
        2024, KOTA ADM. JAKARTA PUSAT  , HLT202400159 , TRANSJAKARTA, 133010135001, "Jl. Medan Merdeka Timur RT.5/RW.2, Gambir, Kecamatan Gambir, Kota KOTA ADM. JAKARTA PUSAT, Daerah Khusus Ibukota Jakarta 10110 (Halte Busway Gambir 1)"                                                    , -6.1746219, 106.8303849
        2024, KOTA ADM. JAKARTA PUSAT  , HLT202400160 , TRANSJAKARTA, 133010135001, "Jl. Perwira Gambir, Kecamatan Gambir, Kota KOTA ADM. JAKARTA PUSAT, Daerah Khusus Ibukota Jakarta 10110 (Halte Busway Istiqlal)"                                                                           , -6.1688164, 106.8256453
        2024, KOTA ADM. JAKARTA PUSAT  , HLT202400162 , TRANSJAKARTA, 133010135001, "Jl. Ir H. Juanda I B No.2, Kb. Klp., Kecamatan Gambir, Kota KOTA ADM. JAKARTA PUSAT, Daerah Khusus Ibukota Jakarta 10120 (Halte Busway Juanda)"                                                            , -6.1680876, 106.8303113
        2024, KOTA ADM. JAKARTA TIMUR  , HLT202400006 , TRANSJAKARTA, 133010135001, "Jl. Mayjen Sutoyo Cililitan, Kec. Kramat jati, Kota KOTA ADM. JAKARTA TIMUR, Daerah Khusus Ibukota Jakarta (Halte Busway BKN)"                                                                             , -6.2576568, 106.8696063
        2024, KOTA ADM. JAKARTA SELATAN, HLT202400009 , TRANSJAKARTA, 133010118004, "Jl. Jend. Sudirman 36, RT.14/RW.1, Bend. Hilir, Kecamatan Tanah Abang, Kota KOTA ADM. JAKARTA PUSAT, Daerah Khusus Ibukota Jakarta 10250 (Dekat Gedung BRI)"                                               , -6.2171283, 106.8159929
        2024, KOTA ADM. JAKARTA TIMUR  , HLT202400011 , TRANSJAKARTA, 133010135001, "Jl. Otista Raya, RT.13/RW.8, Kp. Melayu, Kecamatan Jatinegara, Kota KOTA ADM. JAKARTA TIMUR, Daerah Khusus Ibukota Jakarta 13330 (Halte Busway Gelanggang Remaja)"                                         , -6.2354153, 106.8678951
        2024, KOTA ADM. JAKARTA TIMUR  , HLT202400012 , TRANSJAKARTA, 133010135001, "Kp. Melayu, Kecamatan Jatinegara, Kota KOTA ADM. JAKARTA TIMUR, Daerah Khusus Ibukota Jakarta (Halte Busway Bidara Cina)"                                                                                  , -6.2297134, 106.8670875
        2024, KOTA ADM. JAKARTA TIMUR  , HLT202400015 , TRANSJAKARTA, 133010135001, "Jl. Raya Pd. Gede No.18c, RT.1/RW.1, Pinang Ranti, Kec. Makasar, Kota KOTA ADM. JAKARTA TIMUR, Daerah Khusus Ibukota Jakarta 13560 (Halte Busway Pinang Ranti)"                                            , -6.2910958, 106.8862422
        2024, KOTA ADM. JAKARTA PUSAT  , HLT202400016 , TRANSJAKARTA, 133010135001, "Jl. Lkr. Luar Sel., RT.7/RW.5, Rambutan, Kec. Ciracas, Kota KOTA ADM. JAKARTA TIMUR, Daerah Khusus Ibukota Jakarta 13830 (Halte Busway Tanah Merdeka)"                                                     , -6.3082831, 106.8739765
        2024, KOTA ADM. JAKARTA SELATAN, HLT202400017 , TRANSJAKARTA, 133010118004, "Jl. Medan Merdeka Tim. 10-13, RW.1, Gambir, Kecamatan Gambir, Kota KOTA ADM. JAKARTA PUSAT, Daerah Khusus Ibukota Jakarta 10110 (Samping Gereja Emanuel)"                                                  , -6.177403 , 106.8314108
        2024, KOTA ADM. JAKARTA SELATAN, HLT202400018 , TRANSJAKARTA, 133010118004, "Jl. Medan Merdeka Tim. 10-13, RW.1, Gambir, Kecamatan Gambir, Kota KOTA ADM. JAKARTA PUSAT, Daerah Khusus Ibukota Jakarta 10110 (Samping Gereja Emanuel)"                                                  , -6.1773367, 106.831415
        2024, KOTA ADM. JAKARTA PUSAT  , HLT202400019 , TRANSJAKARTA, 133010135001, "Jl. TB Simatupang RW.2, Susukan, Kec. Ciracas, Kota KOTA ADM. JAKARTA TIMUR, Daerah Khusus Ibukota Jakarta (Halte Busway Flyover Raya Bogor)"                                                              , -6.3064172, 106.8658828
        2024, KOTA ADM. JAKARTA TIMUR  , HLT202400020 , TRANSJAKARTA, 133010135001, "Gg. Madrasah, Pinang Ranti, Kec. Makasar, Kota KOTA ADM. JAKARTA TIMUR, Daerah Khusus Ibukota Jakarta 13560 (Halte Busway Garuda Taman Mini)"                                                              , -6.2900606, 106.881077
        2024, KOTA ADM. JAKARTA PUSAT  , HLT202400022 , TRANSJAKARTA, 133010135001, "Jl. Harsono RM, Ragunan, Kec. Ps. Minggu, Kota KOTA ADM. JAKARTA SELATAN, Daerah Khusus Ibukota Jakarta (Halte Buswai Departemen Pertanian)"                                                               , -6.294605 , 106.822255
        2024, KOTA ADM. JAKARTA TIMUR  , HLT202400024 , TRANSJAKARTA, 133010135001, "Jl. DI. Panjaitan RT.12/RW.6, Cipinang Besar Sel., Kecamatan Jatinegara, Kota KOTA ADM. JAKARTA TIMUR, Daerah Khusus Ibukota Jakarta 13340 (Halte Busway Cipinang Kebon Nanas)"                            , -6.2420813, 106.8779121
        2024, KOTA ADM. JAKARTA SELATAN, HLT202400026 , TRANSJAKARTA, 133010135001, "Jl. Warung Jati Barat No.37, Jati Padang, Kec. Ps. Minggu, Kota KOTA ADM. JAKARTA SELATAN, Daerah Khusus Ibukota Jakarta 12540 (Halte Busway SMK 57)"                                                      , -6.291339 , 106.8236137
        2024, KOTA ADM. JAKARTA BARAT  , HLT202400188 , TRANSJAKARTA, 133010135001, "Jl. Peta Selatan No.8, RT.7/RW.1, Kalideres, Kec. Kalideres, Kota KOTA ADM. JAKARTA BARAT, Daerah Khusus Ibukota Jakarta 11840 (Halte Busway Terminal Kalideres)"                                          , -6.1550131, 106.705954
        2024, KOTA ADM. JAKARTA TIMUR  , HLT202400190 , TRANSJAKARTA, 133010135001, "Jl. Perintis Kemerdekaan RT.6/RW.8, Pulo Gadung, Kec. Pulo Gadung, Kota KOTA ADM. JAKARTA TIMUR, Daerah Khusus Ibukota Jakarta 13260 (Halte Busway Bermis)"                                                , -6.1781717, 106.8982617
        2024, KOTA ADM. JAKARTA SELATAN, HLT202400191 , TRANSJAKARTA, 133010135001, "Jl. Mampang Prpt. Raya, RT.1/RW.6, Tegal Parang, Kec. Mampang Prpt., Kota KOTA ADM. JAKARTA SELATAN, Daerah Khusus Ibukota Jakarta 12790 (Halte Busway Duren Tiga)"                                        , -6.2519119, 106.827134
        2024, KOTA ADM. JAKARTA UTARA  , HLT202400193 , TRANSJAKARTA, 133010135001, "Jl. Perintis Kemerdekaan, Klp. Gading Bar., Kec. Klp. Gading, Kota Jkt Utara, Daerah Khusus Ibukota Jakarta (Halte Busway Pulomas)"                                                                        , -6.1719319, 106.8889173
        2024, KOTA ADM. JAKARTA UTARA  , HLT202400196 , TRANSJAKARTA, 133010135001, "Jl. Perintis Kemerdekaan No.31, RW.5, Klp. Gading Bar., Kec. Klp. Gading, Kota Jkt Utara, Daerah Khusus Ibukota Jakarta 14240 (Halte Busway ASMI)"                                                         , -6.1719312, 106.8887665
        2024, KOTA ADM. JAKARTA SELATAN, HLT202400197 , TRANSJAKARTA, 133010118004, "Jl. Bintaro Raya, RT.2/RW.10, Kby. Lama Sel., Kec. Kby. Lama, Kota KOTA ADM. JAKARTA SELATAN, Daerah Khusus Ibukota Jakarta 12240 (Halte Tanah Kusir)"                                                     , -6.2530112, 106.7712949
        2024, KOTA ADM. JAKARTA UTARA  , HLT202400198 , TRANSJAKARTA, 133010135001, "Jl. Perintis Kemerdekaan RT.7/RW.2, Kelapa Gading Barat, Kelapa Gading, Kota Jkt Utara, Daerah Khusus Ibukota Jakarta 13210 (Halte Busway Pedongkelan)"                                                    , -6.1679723, 106.8824605
        2024, KOTA ADM. JAKARTA UTARA  , HLT202400200 , TRANSJAKARTA, 133010135001, "Jl. Letjen Suprapto KOTA ADM. JAKARTA PUSAT, RW.8, Sumur Batu, Kec. Kemayoran, Daerah Khusus Ibukota Jakarta 10640 (Halte Busway Cempaka Timur)"                                                           , -6.166629 , 106.8760645
        2024, KOTA ADM. JAKARTA PUSAT  , HLT202400201 , TRANSJAKARTA, 133010135001, "Jl. Letjend Suprapto RT.16/RW.5, Cempaka Baru, Kemayoran, Kota KOTA ADM. JAKARTA PUSAT, Daerah Khusus Ibukota Jakarta 10640 (Halte Busway RS Islam)"                                                       , -6.1686218, 106.8704643
        2024, KOTA ADM. JAKARTA PUSAT  , HLT202400204 , TRANSJAKARTA, 133010135001, "JL. Let. Jend. Suprapto, Cempaka Baru, 10640 KOTA ADM. JAKARTA PUSAT, Indonesia, Jakarta (Halte Busway Cempaka Tengah)"                                                                                    , -6.1704326, 106.8665939
        2024, KOTA ADM. JAKARTA SELATAN, HLT202400205 , TRANSJAKARTA, 133010118004, "Jl. Kramat Raya 5-9, RT.4/RW.2, Kramat, Kec. Senen, Kota KOTA ADM. JAKARTA PUSAT, Daerah Khusus Ibukota Jakarta 10420 (Halte Simpang Lima)"                                                                , -6.1790773, 106.8423881
        2024, KOTA ADM. JAKARTA PUSAT  , HLT202400206 , TRANSJAKARTA, 133010135001, "Jl. Letjend Suprapto RT.17/RW.3, Cemp. Baru, Kec. Kemayoran, Kota KOTA ADM. JAKARTA PUSAT, Daerah Khusus Ibukota Jakarta 10640 (Halte Busway Pasar Cempaka Putih)"                                         , -6.1725666, 106.8625577
        2024, KOTA ADM. JAKARTA SELATAN, HLT202400208 , TRANSJAKARTA, 133010135001, "Masjid Falatehan, No.1011, Jl. Falatehan I No.10, Melawai, Kec. Kby. Baru, Kota KOTA ADM. JAKARTA SELATAN, Daerah Khusus Ibukota Jakarta 12160 (Halte Busway Blok M)"                                      , -6.2434223, 106.8022503
        2024, KOTA ADM. JAKARTA SELATAN, HLT202400209 , TRANSJAKARTA, 133010135001, "Jl. Sisingamangaraja No.21-31, RW.4, Selong, Kec. Kby. Baru, Kota KOTA ADM. JAKARTA SELATAN, Daerah Khusus Ibukota Jakarta 12120 (Halte Busway Masjid Agung Al-Azhar)"                                     , -6.2368221, 106.7984936
        2024, KOTA ADM. JAKARTA PUSAT  , HLT202400211 , TRANSJAKARTA, 133010135001, "Jalan Jenderal Sudirman, Indonesia, Daerah Khusus Ibukota Jakarta (Halte Busway Gelora Bung Karno)"                                                                                                        , -6.2240993, 106.8062231
        2024, KOTA ADM. JAKARTA PUSAT  , HLT202400213 , TRANSJAKARTA, 133010135001, "Jl. Yos Sudarso, Klp. Gading Bar., Kec. Klp. Gading, Kota Jkt Utara, Daerah Khusus Ibukota Jakarta 14360 (Halte Busway Yos Sudarso Kodamar)"                                                               , -6.1623284, 106.8816727
        2024, KOTA ADM. JAKARTA SELATAN, HLT202400218 , TRANSJAKARTA, 133010135001, "KOTA ADM. JAKARTA PUSAT, RT.10/RW.11, Karet Tengsin, Kecamatan Tanah Abang, Kota KOTA ADM. JAKARTA PUSAT, Daerah Khusus Ibukota Jakarta 10250 (Halte Busway Dukuh Atas 1)"                                 , -6.2054427, 106.8222103
        2024, KOTA ADM. JAKARTA PUSAT  , HLT202400222 , TRANSJAKARTA, 133010135001, "Jl. M.H. Thamrin RT.8/RW.4, Gondangdia, Menteng, Kota KOTA ADM. JAKARTA PUSAT, Daerah Khusus Ibukota Jakarta 10350 (Halte Busway Sarinah)"                                                                 , -6.1879682, 106.8231952
        2024, KOTA ADM. JAKARTA SELATAN, HLT202400223 , TRANSJAKARTA, 133010135001, BI                                                                                                                                                                                                          , -6.1838741, 106.8228737
        2024, KOTA ADM. JAKARTA PUSAT  , HLT202400225 , TRANSJAKARTA, 133010135001, "Jl. Jend Sudirman RT.1/RW.6, Dukuh Atas, Menteng, Kec. Menteng, Kota KOTA ADM. JAKARTA PUSAT, Daerah Khusus Ibukota Jakarta 10230 (Halte Busway Tosari)"                                                   , -6.1984712, 106.8230634
        2024, KOTA ADM. JAKARTA PUSAT  , HLT202400227 , TRANSJAKARTA, 133010135001, "Jl. Medan Merdeka Barat No.12, RT.5/RW.2, Gambir, Kecamatan Gambir, Kota KOTA ADM. JAKARTA PUSAT, Daerah Khusus Ibukota Jakarta 10110 (Halte Busway Monas)"                                                , -6.1760574, 106.8229092
        2024, KOTA ADM. JAKARTA PUSAT  , HLT202400261 , TRANSJAKARTA, 133010118004, "Jl. Letjen S. Parman, RT.12/RW.2, Tj. Duren Utara, Kec. Grogol petamburan, Kota KOTA ADM. JAKARTA BARAT, Daerah Khusus Ibukota Jakarta 11470 (Bawah JPO Busway S.Parman)"                                  , -6.1725054, 106.7884541
        2024, KOTA ADM. JAKARTA SELATAN, HLT202400267 , TRANSJAKARTA, 133010118004, "Jl. Daan Mogot 166-13, RT.8/RW.1, Tj. Duren Utara, Kec. Grogol petamburan, Kota KOTA ADM. JAKARTA BARAT, Daerah Khusus Ibukota Jakarta 11470 (Bawah JPO Busway Jelambar)"                                  , -6.1665547, 106.7875789
        2024, KOTA ADM. JAKARTA UTARA  , HLT202400280 , TRANSJAKARTA, 133010118004, "Jl. Daan Mogot RT.1/RW.8, Kedaung Kali Angke, Kecamatan Cengkareng, Kota KOTA ADM. JAKARTA BARAT, Daerah Khusus Ibukota Jakarta 11710 (Bawah JPO Busway Taman Kota)"                                       , -6.1571817, 106.7577983
        2024, KOTA ADM. JAKARTA TIMUR  , HLT202400396 , TRANSJAKARTA, 133010118004, "1, Jl. Jend. Sudirman No.315, RT.1/RW.3, Kuningan, Gelora, Kecamatan Tanah Abang, Kota KOTA ADM. JAKARTA PUSAT, Daerah Khusus Ibukota Jakarta 10270 (Depan Panin Bank)"                                    , -6.2277157, 106.8005378
        2024, KOTA ADM. JAKARTA UTARA  , HLT202400692 , TRANSJAKARTA, 133010135001, "Jl. Yos Sudarso, RT.6/RW.13, Rawabadak Utara, Kec. Koja, Kota Jkt Utara, Daerah Khusus Ibukota Jakarta 14320 (Halte Busway Walikota KOTA ADM. JAKARTA UTARA)"                                              , -6.1186715, 106.8935923
        2024, KOTA ADM. JAKARTA SELATAN, HLT202400706 , TRANSJAKARTA, 133010135001, "12230, Jl. Sultan Iskandar Muda, Kby. Lama Utara, Kec. Kby. Lama, Kota KOTA ADM. JAKARTA SELATAN, Daerah Khusus Ibukota Jakarta 12240 (Halte Busway Pasar Kebayoran Lama)"                                 , -6.2529439, 106.781638
        2024, KOTA ADM. JAKARTA SELATAN, HLT202400708 , TRANSJAKARTA, 133010135001, "Jl. Teuku Nyak Arief RW., RT.5/RW.2, Grogol Sel., Kec. Kby. Lama, Kota KOTA ADM. JAKARTA SELATAN, Daerah Khusus Ibukota Jakarta 12220 (Halte Busway Simprug)"                                              , -6.2338395, 106.7865301
        2024, KOTA ADM. JAKARTA PUSAT  , HLT202400591 , TRANSJAKARTA, 133010135001, "Jl. Ir. H. Juanda, Ps. Baru, Kecamatan Sawah Besar, Kota KOTA ADM. JAKARTA PUSAT, Daerah Khusus Ibukota Jakarta 10710 (Halte Masjid Istiqlal)"                                                             , -6.1726627, 106.8303665
        2024, KOTA ADM. JAKARTA TIMUR  , HLT202400601 , TRANSJAKARTA, 133010135001, "Jl. I Gusti Ngurah Rai Cipinang Muara, Kecamatan Jatinegara, Kota KOTA ADM. JAKARTA TIMUR, Daerah Khusus Ibukota Jakarta (Halte Busway Cipinang)"                                                          , -6.2141194, 106.8873833
        2024, KOTA ADM. JAKARTA TIMUR  , HLT202400603 , TRANSJAKARTA, 133010135001, "01, Jl. I Gusti Ngurah Rai No.35, RT.8, Klender, Kec. Duren Sawit, Kota KOTA ADM. JAKARTA TIMUR, Daerah Khusus Ibukota Jakarta 13470 (Halte Busway Stasiun Klender)"                                       , -6.2134243, 106.8983714
        2024, KOTA ADM. JAKARTA TIMUR  , HLT202400605 , TRANSJAKARTA, 133010135001, "Jl. Haji Darip RT.9/RW.9, Pisangan Tim., Kec. Pulo Gadung, Kota KOTA ADM. JAKARTA TIMUR, Daerah Khusus Ibukota Jakarta 13230 (Halte Busway Imigrasi KOTA ADM. JAKARTA TIMUR)"                              , -6.2144927, 106.8821055
        2024, KOTA ADM. JAKARTA TIMUR  , HLT202400607 , TRANSJAKARTA, 133010135001, "Jl. Haji Darip RT.8/RW.9, Pisangan Tim., Kec. Pulo Gadung, Kota KOTA ADM. JAKARTA TIMUR, Daerah Khusus Ibukota Jakarta 13410 (Halte Busway Pasar Enjo)"                                                    , -6.2148774, 106.8781189
        2024, KOTA ADM. JAKARTA SELATAN, HLT202400608 , TRANSJAKARTA, 133010118004, Underpass Kartini                                                                                                                                                                                           , -6.2866392, 106.780141
        2024, KOTA ADM. JAKARTA TIMUR  , HLT202400610 , TRANSJAKARTA, 133010135001, "Jl. Jendral Ahmad Yani RT.4/RW.3, Rw. Bunga, Kecamatan Jatinegara, Kota KOTA ADM. JAKARTA TIMUR, Daerah Khusus Ibukota Jakarta 13410 (Halte Busway Flyover Jatinegara)"                                    , -6.2154037, 106.8739408
        2024, KOTA ADM. JAKARTA TIMUR  , HLT202400611 , TRANSJAKARTA, 133010135001, "Jalan Jatinegara Timur II No.9, RT.12/RW.2, Rawa Bunga, Jatinegara, Kota KOTA ADM. JAKARTA TIMUR, 13310 (Halte Jatinegara RS Premier)"                                                                     , -6.2213559, 106.8682108
        2024, KOTA ADM. JAKARTA TIMUR  , HLT202400612 , TRANSJAKARTA, 133010135001, "Jl. Jatinegara Timur No.105, Bali Mester, Kecamatan Jatinegara, Kota KOTA ADM. JAKARTA TIMUR, Daerah Khusus Ibukota Jakarta 13310 (Halte Kampung Melayu)"                                                  , -6.2245616, 106.8663683
        2024, KOTA ADM. JAKARTA TIMUR  , HLT202400615 , TRANSJAKARTA, 133010135001, "Blok Sadar 2, Jalan Doktor Sumarno Blok Sadar 2 No.1, Penggilingan, Cakung, Kota KOTA ADM. JAKARTA TIMUR, 13940 (Halte Busway Walikota KOTA ADM. JAKARTA TIMUR)"                                           , -6.2124497, 106.9453324
        2024, KOTA ADM. JAKARTA TIMUR  , HLT202400617 , TRANSJAKARTA, 133010135001, "Jl. Raya Penggilingan No.2, RW.4, Penggilingan, Kec. Cakung, Kota KOTA ADM. JAKARTA TIMUR, Daerah Khusus Ibukota Jakarta 13940 (Halte Busway Penggilingan)"                                                , -6.2125383, 106.9405581
        2024, KOTA ADM. JAKARTA TIMUR  , HLT202400619 , TRANSJAKARTA, 133010135001, "Jl. Penggilingan, Penggilingan, Kec. Cakung, Kota KOTA ADM. JAKARTA TIMUR, Daerah Khusus Ibukota Jakarta 13940 (Halte Busway Perumnas Klender)"                                                            , -6.2137965, 106.9396984
        2024, KOTA ADM. JAKARTA TIMUR  , HLT202400621 , TRANSJAKARTA, 133010135001, "Jl. Raden Intan Raya, Klender, Kec. Duren Sawit, Kota KOTA ADM. JAKARTA TIMUR, Daerah Khusus Ibukota Jakarta 13470 (Halte Busway Flyover Raden Inten)"                                                     , -6.2160615, 106.924192
        2024, KOTA ADM. JAKARTA TIMUR  , HLT202400624 , TRANSJAKARTA, 133010135001, "Jl. I Gusti Ngurah Rai, RW.9, Jatinegara, Kec. Cakung, Kota KOTA ADM. JAKARTA TIMUR, Daerah Khusus Ibukota Jakarta 13470 (Halte Busway Buaran)"                                                            , -6.2152251, 106.9178558
        2024, KOTA ADM. JAKARTA TIMUR  , HLT202400625 , TRANSJAKARTA, 133010135001, "Jl. I Gusti Ngurah Rai RT.14/RW.17, Klender, Duren Sawit, Kota KOTA ADM. JAKARTA TIMUR, 13470 (Halte Busway Kampung Sumur)"                                                                                , -6.2145017, 106.9118617
        2024, KOTA ADM. JAKARTA TIMUR  , HLT202400628 , TRANSJAKARTA, 133010135001, "Jl. I Gusti Ngurah Rai, RT.2/RW.1, Klender, Kec. Duren Sawit, Kota KOTA ADM. JAKARTA TIMUR, Daerah Khusus Ibukota Jakarta 13470 (Halte Busway Flyover Klender)"                                            , -6.2136797, 106.9028975
        2024, KOTA ADM. JAKARTA UTARA  , HLT202400632 , TRANSJAKARTA, 133010135001, "Jl. Danau Sunter Barat RW.10, Sunter Agung, Tj. Priok, Kota Jkt Utara, Daerah Khusus Ibukota Jakarta 14350 (Halte Busway Danau Sunter)"                                                                    , -6.146731 , 106.857955
        2024, KOTA ADM. JAKARTA UTARA  , HLT202400634 , TRANSJAKARTA, 133010135001, "Jl. Danau Sunter Utara, Sunter Agung, Tj. Priok, Kota Jkt Utara, Daerah Khusus Ibukota Jakarta (Halte Busway SMP 140)"                                                                                     , -6.1399043, 106.8590946
        2024, KOTA ADM. JAKARTA UTARA  , HLT202400635 , TRANSJAKARTA, 133010135001, "Laks, 14, Jl. Yos Sudarso No.160, koja, Tj. Priok, Kota Jkt Utara, Daerah Khusus Ibukota Jakarta 14320 (Halte Taman Kota Plumpang)"                                                                        , -6.1285084, 106.894027
        2024, KOTA ADM. JAKARTA UTARA  , HLT202400640 , TRANSJAKARTA, 133010135001, "Jalan Danau Sunter Utara, RT.8/RW.15, Sunter Agung, Tanjung Priok, Kota Jkt Utara, 14350 (Halte Busway Sunter Karya)"                                                                                      , -6.1376894, 106.8709355
        2024, KOTA ADM. JAKARTA UTARA  , HLT202400642 , TRANSJAKARTA, 133010135001, "Jl. Yos Sudarso, RT.10/RW.11, Sunter Jaya, Tj. Priok, Kota Jkt Utara, Daerah Khusus Ibukota Jakarta 14360 (Halte Busway Sunter Boulevard Barat)"                                                           , -6.1496471, 106.888986
        2024, KOTA ADM. JAKARTA UTARA  , HLT202400644 , TRANSJAKARTA, 133010135001, "Jalan Pluit Selatan Raya No.2, RW.8, Penjaringan, RT.3/RW.10, Penjaringan, Kec. Penjaringan, Kota Jkt Utara, Daerah Khusus Ibukota Jakarta 14440 (Halte Busway Pluit Landmark)"                            , -6.1251518, 106.7994427
        2024, KOTA ADM. JAKARTA UTARA  , HLT202400645 , TRANSJAKARTA, 133010135001, "Jl. Gedong Panjang RT.2/RW.4, Penjaringan, Kec. Penjaringan, Kota Jkt Utara, Daerah Khusus Ibukota Jakarta 14440 (Halte Busway Pakin)"                                                                     , -6.1272951, 106.8046886
        2024, KOTA ADM. JAKARTA UTARA  , HLT202400646 , TRANSJAKARTA, 133010135001, "Jl. Gedong Panjang, RT.10/RW.10, Pekojan, Kec. Tambora, Kota KOTA ADM. JAKARTA BARAT, Daerah Khusus Ibukota Jakarta 11240 (Halte Gedong Panjang)"                                                          , -6.1325679, 106.8062953
        2024, KOTA ADM. JAKARTA BARAT  , HLT202400647 , TRANSJAKARTA, 133010135001, "Jl. Bandengan Selatan Pekojan, Kec. Tambora, Kota KOTA ADM. JAKARTA BARAT, Daerah Khusus Ibukota Jakarta (Halte Busway Bandengan Selatan)"                                                                 , -6.1363973, 106.8034537
        2024, KOTA ADM. JAKARTA BARAT  , HLT202400648 , TRANSJAKARTA, 133010135001, "Jl. Kunir RT.7/RW.7, Pinangsia, Kec. Taman Sari, Kota KOTA ADM. JAKARTA BARAT, Daerah Khusus Ibukota Jakarta 11110 (Halte Busway Fatahilah)"                                                               , -6.1339493, 106.8122101
        2024, KOTA ADM. JAKARTA BARAT  , HLT202400649 , TRANSJAKARTA, 133010135001, "Jl. Mangga Dua Raya, RT.3/RW.4, Pinangsia, Kec. Taman Sari, Kota Jkt Utara, Daerah Khusus Ibukota Jakarta 11110 (Halte Busway Pangeran Jayakarta)"                                                         , -6.1375106, 106.8179752
        2024, KOTA ADM. JAKARTA BARAT  , HLT202400650 , TRANSJAKARTA, 133010135001, "Jl. Raya Pantura RT.11/RW.5, Ancol, Kec. Pademangan, Kota Jkt Utara, Daerah Khusus Ibukota Jakarta 14430 (Halte Busway Mangga Dua)"                                                                        , -6.1361712, 106.8260091
        2024, KOTA ADM. JAKARTA BARAT  , HLT202400651 , TRANSJAKARTA, 133010135001, "Jl. Lada RT.8/RW.6, Pinangsia, Kec. Taman Sari, Kota KOTA ADM. JAKARTA BARAT, Daerah Khusus Ibukota Jakarta 11110 (Halte Busway Stasiun Kota)"                                                             , -6.1365378, 106.8148457
        2024, KOTA ADM. JAKARTA UTARA  , HLT202400654 , TRANSJAKARTA, 133010135001, "No., Jalan HBR Motik No.101, Kemayoran, Kota KOTA ADM. JAKARTA PUSAT, 10630 (Halte Busway Kemayoran Landasan Pacu)"                                                                                        , -6.1520552, 106.8543543
        2024, KOTA ADM. JAKARTA BARAT  , HLT202400655 , TRANSJAKARTA, 133010135001, "RT.3/RW.6, Roa Malaka, Kec. Tambora, Kota KOTA ADM. JAKARTA BARAT, Daerah Khusus Ibukota Jakarta 11230 (Halte Busway Kali Besar)"                                                                          , -6.1350845, 106.8112915
        2024, KOTA ADM. JAKARTA TIMUR  , HLT202400657 , TRANSJAKARTA, 133010135001, "Jl. Raya Pantura RW.3, Rawa Terate, Cakung, Timur Jakarta City, Jakarta 13920 (Halte Busway PTC Pulogadung)"                                                                                               , -6.183283 , 106.9248972
        2024, KOTA ADM. JAKARTA TIMUR  , HLT202400658 , TRANSJAKARTA, 133010135001, "Jl. Raya Bekasi, RW.1, Ujung Menteng, Kec. Cakung, Kota KOTA ADM. JAKARTA TIMUR, Daerah Khusus Ibukota Jakarta 13960 (Halte Busway Pulogebang)"                                                            , -6.1880153, 106.9602969
        2024, KOTA ADM. JAKARTA TIMUR  , HLT202400659 , TRANSJAKARTA, 133010135001, "Jl. Sri Sultan Hamengkubuwono IX, RT.1/RW.2, Ujung Menteng, Kec. Cakung, Kota KOTA ADM. JAKARTA TIMUR, Daerah Khusus Ibukota Jakarta 13960 (Halte Busway Ujung Menteng)"                                   , -6.189295 , 106.96527
        2024, KOTA ADM. JAKARTA SELATAN, HLT202400660 , TRANSJAKARTA, 133010135001, "Jl. Warung Jati Barat No.37, Jati Padang, Kec. Ps. Minggu, Kota KOTA ADM. JAKARTA SELATAN, Daerah Khusus Ibukota Jakarta 12540 (Halte Busway SMK 57)"                                                      , -6.2858481, 106.8262538
        2024, KOTA ADM. JAKARTA TIMUR  , HLT202400661 , TRANSJAKARTA, 133010135001, "Jl. Pemuda No.2, Jatinegara Kaum, Kec. Pulo Gadung, Kota KOTA ADM. JAKARTA TIMUR, Daerah Khusus Ibukota Jakarta 13250 (Halte TU Gas)"                                                                      , -6.1928189, 106.9051853
        2024, KOTA ADM. JAKARTA SELATAN, HLT202400664 , TRANSJAKARTA, 133010135001, "Jl. Warung Jati Barat, RT.3/RW.5, Jati Padang, Kec. Ps. Minggu, Kota KOTA ADM. JAKARTA SELATAN, Daerah Khusus Ibukota Jakarta 12540 (Halte Busway Jatipadang)"                                             , -6.2742413, 106.8304329
        2024, KOTA ADM. JAKARTA TIMUR  , HLT202400666 , TRANSJAKARTA, 133010135001, "Jl. Mayjend Sutoyo Cililitan, Kramat Jati, East Jakarta City, Jakarta (Halte Busway BKN)"                                                                                                                  , -6.2578037, 106.8700964
        2024, KOTA ADM. JAKARTA TIMUR  , HLT202400667 , TRANSJAKARTA, 133010135001, "Jl. Pemuda, RT.12/RW.4, Jati, Kec. Pulo Gadung, Kota KOTA ADM. JAKARTA TIMUR, Daerah Khusus Ibukota Jakarta 13220 (Halte Busway Layur)"                                                                    , -6.1929379, 106.880185
        2024, KOTA ADM. JAKARTA SELATAN, HLT202400668 , TRANSJAKARTA, 133010135001, "Jalan Tambak, Indonesia|Jl. Sultan Agung Manggarai Tebet KOTA ADM. JAKARTA SELATAN DKI Jakarta, Indonesia, Daerah Khusus Ibukota Jakarta (Halte Busway Manggarai)"                                         , -6.2088412, 106.8472462
        2024, KOTA ADM. JAKARTA PUSAT  , HLT202400669 , TRANSJAKARTA, 133010135001, "Jl. Salemba Raya RT.1/RW.3, Paseban, Kec. Senen, Kota KOTA ADM. JAKARTA PUSAT, Daerah Khusus Ibukota Jakarta 10430 (Halte Busway Salemba UI)"                                                              , -6.1935314, 106.8488617
        2024, KOTA ADM. JAKARTA PUSAT  , HLT202400670 , TRANSJAKARTA, 133010135001, "Jl. Salemba Raya RT.4/RW.5, Paseban, Senen, Kota KOTA ADM. JAKARTA PUSAT, Daerah Khusus Ibukota Jakarta 10430 (Halte Busway Salemba Capitol Park Carolus)"                                                 , -6.1965808, 106.8509962
        2024, KOTA ADM. JAKARTA PUSAT  , HLT202400671 , TRANSJAKARTA, 133010135001, "Jl. Kramat Raya RT.1/RW.8, Kramat, Senen, Kota KOTA ADM. JAKARTA PUSAT, Daerah Khusus Ibukota Jakarta 10430 (Halte Busway Kramat Sentiong)"                                                                , -6.1881403, 106.8460864
        2024, KOTA ADM. JAKARTA TIMUR  , HLT202400672 , TRANSJAKARTA, 133010135001, "Jl. Matraman Raya RT.5/RW.4, Palmeriam, Kec. Matraman, Kota KOTA ADM. JAKARTA TIMUR, Daerah Khusus Ibukota Jakarta 13150 (Halte Busway Tegalan)"                                                           , -6.2032819, 106.8570642
        2024, KOTA ADM. JAKARTA TIMUR  , HLT202400674 , TRANSJAKARTA, 133010135001, "Jl. Pemuda RT.8/RW.5, Rawamangun, Kec. Pulo Gadung, Kota KOTA ADM. JAKARTA TIMUR, Daerah Khusus Ibukota Jakarta 13220 (Halte Busway Velodrome)"                                                            , -6.1934152, 106.888145
        2024, KOTA ADM. JAKARTA TIMUR  , HLT202400675 , TRANSJAKARTA, 133010135001, "Jl. Pemuda, RT.13/RW.2, Rawamangun, Kec. Pulo Gadung, Kota KOTA ADM. JAKARTA TIMUR, Daerah Khusus Ibukota Jakarta 13220 (Halte Busway UNJ)"                                                                , -6.1933233, 106.8834333
        2024, KOTA ADM. JAKARTA PUSAT  , HLT202400676 , TRANSJAKARTA, 133010135001, "Jl. St. Senen RW.2, Senen, Kec. Senen, Kota KOTA ADM. JAKARTA PUSAT, Daerah Khusus Ibukota Jakarta 10410 (Halte Busway Sentral Senen)"                                                                     , -6.1781583, 106.8422467
        2024, KOTA ADM. JAKARTA SELATAN, HLT202400677 , TRANSJAKARTA, 133010135001, "Jl. Mampang Prpt. Raya, RT.1/RW.6, Tegal Parang, Kec. Mampang Prpt., Kota KOTA ADM. JAKARTA SELATAN, Daerah Khusus Ibukota Jakarta 12790 (Halte Busway Duren Tiga)"                                        , -6.2388506, 106.83078
        2024, KOTA ADM. JAKARTA PUSAT  , HLT202400679 , TRANSJAKARTA, 133010135001, Halte Trans Jakarta Atrium                                                                                                                                                                                  , -6.1782384, 106.8423558
        2024, KOTA ADM. JAKARTA TIMUR  , HLT202400683 , TRANSJAKARTA, 133010135001, "Jl. Raden Inten II No.3, RT.8/RW.14, Klender, Kec. Duren Sawit, Kota KOTA ADM. JAKARTA TIMUR, Daerah Khusus Ibukota Jakarta 13470 (Halte SMKN 48)"                                                         , -6.2193412, 106.9234331
        2024, KOTA ADM. JAKARTA BARAT  , HLT202400736 , TRANSJAKARTA, 133010135001, "Jl. Panjang RT.6/RW.1, Kedoya Sel., Kec. Kb. Jeruk, Kota KOTA ADM. JAKARTA BARAT, Daerah Khusus Ibukota Jakarta 11520 (Halte Busway Duri Kepa)"                                                            , -6.1644911, 106.7628822
        2024, KOTA ADM. JAKARTA BARAT  , HLT202400738 , TRANSJAKARTA, 133010135001, "Jl. Panjang RT.5/RW.11, Kedoya Utara, Kebon Jeruk, Kota KOTA ADM. JAKARTA BARAT, 11520 (Halte Busway Kedoya Assiddiqiah)"                                                                                  , -6.1751348, 106.7660013
        2024, KOTA ADM. JAKARTA SELATAN, HLT202400739 , TRANSJAKARTA, 133010118004, "Jl. Terusan Bandengan, RW.11, Pejagalan, Kec. Penjaringan, Kota Jkt Utara, Daerah Khusus Ibukota Jakarta 14450 (Depan Gereja Tuhan)"                                                                       , -6.1373723, 106.7920138
        2024, KOTA ADM. JAKARTA BARAT  , HLT202400740 , TRANSJAKARTA, 133010135001, "Jalan Panjang, Kedoya Utara, Kebon Jeruk, Kota KOTA ADM. JAKARTA BARAT, Daerah Khusus Ibukota Jakarta 11520, Daerah Khusus Ibukota Jakarta (Halte Busway Kedoya Green Garden)"                             , -6.1644124, 106.7628079
        2024, KOTA ADM. JAKARTA SELATAN, HLT202400741 , TRANSJAKARTA, 133010118004, "Jl. Perintis Kemerdekaan No.31, RW.5, Klp. Gading Bar., Kec. Klp. Gading, Kota Jkt Utara, Daerah Khusus Ibukota Jakarta 14240 (Halte ASMI)"                                                                , -6.1719898, 106.8891033
        2024, KOTA ADM. JAKARTA TIMUR  , HLT202400742 , TRANSJAKARTA, 133010118004, "Jl. Kyai Tapa Grogol, Kec. Grogol petamburan, Kota KOTA ADM. JAKARTA BARAT, Daerah Khusus Ibukota Jakarta (Dekat JPO Sebrang RS Sumber Waras)"                                                             , -6.1656933, 106.7984117
        2024, KOTA ADM. JAKARTA BARAT  , HLT202400743 , TRANSJAKARTA, 133010135001, "Jl. Tomang Raya, RT.5/RW.1, Jatipulo, Kec. Palmerah, Kota KOTA ADM. JAKARTA BARAT, Daerah Khusus Ibukota Jakarta 11430 (Halte Busway Tomang Mandala)"                                                      , -6.1770807, 106.8001458
        2024, KOTA ADM. JAKARTA PUSAT  , HLT202400746 , TRANSJAKARTA, 133010135001, "Jl. Kyai Caringin RT.11/RW.4, Cideng, Gambir, Kota KOTA ADM. JAKARTA PUSAT, 10150 (Halte Busway RS Tarakan)"                                                                                               , -6.1712402, 106.8100692
        2024, KOTA ADM. JAKARTA PUSAT  , HLT202400748 , TRANSJAKARTA, 133010135001, "Jl. Suryopranoto RT.7/RW.7, Petojo Sel., Kecamatan Gambir, Kota KOTA ADM. JAKARTA PUSAT, Daerah Khusus Ibukota Jakarta 10160 (Halte Busway Petojo)"                                                        , -6.1700018, 106.8172026
        2024, KOTA ADM. JAKARTA UTARA  , HLT202400749 , TRANSJAKARTA, 133010135001, "Jalan Raya Pelabuhan No.Tanjung Priok, Tanjung Priok, Kota Jkt Utara, 14310 (Halte Busway Enggano)"                                                                                                        , -6.1101373, 106.8924173
        2024, KOTA ADM. JAKARTA SELATAN, HLT202400750 , TRANSJAKARTA, 133010118004, "KOTA ADM. JAKARTA PUSAT, RT.1/RW.2, Cemp. Putih Tim., Kec. Cemp. Putih, Kota KOTA ADM. JAKARTA PUSAT, Daerah Khusus Ibukota Jakarta 10510 (Samping Pintu Tol)"                                             , -6.1767568, 106.876161
        2024, KOTA ADM. JAKARTA PUSAT  , HLT202400751 , TRANSJAKARTA, 133010118004, Jl. Agus Salim depan BPN ( HALTE BPN )                                                                                                                                                                      , -6.187595 , 106.8252783
        2024, KOTA ADM. JAKARTA SELATAN, HLT202400753 , TRANSJAKARTA, 133010135001, "Jl. Sapta Taruna Baru No.10, RW.7, Pd. Pinang, Kec. Kby. Lama, Kota KOTA ADM. JAKARTA SELATAN, Daerah Khusus Ibukota Jakarta 12310 (Halte Busway Terminal Lebak Bulus)"                                    , -6.2891824, 106.7734147
        2024, KOTA ADM. JAKARTA SELATAN, HLT202400755 , TRANSJAKARTA, 133010135001, "Jl Ciiputat Raya, Pd. Pinang, Kec. Kby. Lama, Kota KOTA ADM. JAKARTA SELATAN, Daerah Khusus Ibukota Jakarta, 12310 (Halte Busway Pondok Pinang)"                                                           , -6.2822235, 106.7720304
        2024, KOTA ADM. JAKARTA SELATAN, HLT202400757 , TRANSJAKARTA, 133010135001, "Jl. Metro Pondok Indah No.6, RW.16, Pd. Pinang, Kec. Kby. Lama, Kota KOTA ADM. JAKARTA SELATAN, Daerah Khusus Ibukota Jakarta 12310 (Halte Busway Pondok Indah 2)"                                         , -6.2672601, 106.7837265
        2024, KOTA ADM. JAKARTA SELATAN, HLT202400759 , TRANSJAKARTA, 133010135001, "Jl. Sultan Iskandar Muda RT.1/RW.8, Kby. Lama Sel., Kec. Kby. Lama, Kota KOTA ADM. JAKARTA SELATAN, Daerah Khusus Ibukota Jakarta 12240 (Halte Busway Tanah Kusir)"                                        , -6.2571531, 106.7818225
        2024, KOTA ADM. JAKARTA SELATAN, HLT202400761 , TRANSJAKARTA, 133010135001, "Jl. Sultan Iskandar Muda RT.9/RW.1, Kby. Lama Sel., Kec. Kby. Lama, Kota KOTA ADM. JAKARTA SELATAN, Daerah Khusus Ibukota Jakarta 12240 (Halte Busway Kebayoran Lama Bungur)"                              , -6.2386671, 106.7830855
        2024, KOTA ADM. JAKARTA BARAT  , HLT202400763 , TRANSJAKARTA, 133010135001, "Jl. Jelembar Timur RT.8/RW.5, Jelambar, Kec. Grogol petamburan, Kota KOTA ADM. JAKARTA BARAT, Daerah Khusus Ibukota Jakarta (Halte Busway St. KA Latumenten)"                                              , -6.1610091, 106.7902761
        2024, KOTA ADM. JAKARTA TIMUR  , HLT202400764 , TRANSJAKARTA, 133010118004, "Jl. Yos Sudarso, KOTA ADM. JAKARTA UTARA, RT.10/RW.11, Klp. Gading Bar., Kec. Klp. Gading, Kota Jkt Utara, Daerah Khusus Ibukota Jakarta 14240 (Halte Sunter Kelapa Gading)"                               , -6.1513071, 106.886907
        2024, KOTA ADM. JAKARTA BARAT  , HLT202400765 , TRANSJAKARTA, 133010135001, "Jl. Prof. Dr. Latumenten RT.10/RW.1, Jemb. Besi, Kec. Tambora, Kota KOTA ADM. JAKARTA BARAT, Daerah Khusus Ibukota Jakarta 11320 (Halte Busway Jembatan Besi)"                                             , -6.1520742, 106.7949264
        2024, KOTA ADM. JAKARTA TIMUR  , HLT202400766 , TRANSJAKARTA, 133010118004, "Jl. DI. Panjaitan Pedati Tunel 5, RW.9, Rw. Bunga, Kecamatan Jatinegara, Kota KOTA ADM. JAKARTA TIMUR, Daerah Khusus Ibukota Jakarta 13350 (Halte Pedati)"                                                 , -6.2429234, 106.876333
        2024, KOTA ADM. JAKARTA UTARA  , HLT202400767 , TRANSJAKARTA, 133010135001, "Jl. Jembatan Dua Raya Angke, Kec. Tambora, Kota KOTA ADM. JAKARTA BARAT, Daerah Khusus Ibukota Jakarta 11330 (Halte Busway Jembatan Dua)"                                                                  , -6.143119 , 106.7935822
        2024, KOTA ADM. JAKARTA UTARA  , HLT202400769 , TRANSJAKARTA, 133010135001, "Jl. Jembatan Tiga Raya RT.2/RW.16, Penjaringan, Kec. Penjaringan, Kota Jkt Utara, Daerah Khusus Ibukota Jakarta 14450 (Halte Busway Jembatan Tiga)"                                                        , -6.133305 , 106.7928633
        2024, KOTA ADM. JAKARTA UTARA  , HLT202400771 , TRANSJAKARTA, 133010135001, "Jl. Pluit Permai RT.15/RW.4, Pluit, Kec. Penjaringan, Kota Jkt Utara, Daerah Khusus Ibukota Jakarta 14450 (Halte Busway Pluit)"                                                                            , -6.115686 , 106.7910331
        2024, KOTA ADM. JAKARTA UTARA  , HLT202400773 , TRANSJAKARTA, 133010135001, "Stasiun, Tj. Priok, Kota Jkt Utara, Daerah Khusus Ibukota Jakarta 14310 (Halte Busway Terminal Tanjung Priuk)"                                                                                             , -6.109465 , 106.8822867
        2024, KOTA ADM. JAKARTA UTARA  , HLT202400774 , TRANSJAKARTA, 133010135001, "Jl. Pluit Putra No.1, RT.17/RW.6, Pluit, Kec. Penjaringan, Kota Jkt Utara, Daerah Khusus Ibukota Jakarta 14450 (Halte Busway Penjaringan)"                                                                 , -6.1262928, 106.7917118
        2024, KOTA ADM. JAKARTA TIMUR  , HLT202400776 , TRANSJAKARTA, 133010135001, "Kp. Melayu RW.6, Cawang, Kec. Kramat jati, Kota KOTA ADM. JAKARTA TIMUR, Daerah Khusus Ibukota Jakarta 13630 (Halte Busway Cawang Ciliwung)"                                                               , -6.2429461, 106.8635098
        2024, KOTA ADM. JAKARTA TIMUR  , HLT202400778 , TRANSJAKARTA, 133010135001, "Mt Haryono, RT.8/RW.9, Tebet Tim., Kec. Tebet, Kota KOTA ADM. JAKARTA SELATAN, Daerah Khusus Ibukota Jakarta 12820 (Halte Busway Cikoko Stasiun Cawang)"                                                   , -6.2429502, 106.8583233
        2024, KOTA ADM. JAKARTA SELATAN, HLT202400780 , TRANSJAKARTA, 133010135001, "Jl. Letjen Mt. Haryono No.4b, RT.10/RW.2, Cikoko, Kec. Tebet, Kota KOTA ADM. JAKARTA TIMUR, Daerah Khusus Ibukota Jakarta 13630 (Halte Busway Tebet BKPM)"                                                 , -6.2428573, 106.8584467
        2024, KOTA ADM. JAKARTA SELATAN, HLT202400783 , TRANSJAKARTA, 133010135001, "Jl. MT Haryono RT.2/RW.2, Tebet Bar., Kec. Tebet, Kota KOTA ADM. JAKARTA SELATAN, Daerah Khusus Ibukota Jakarta 12780 (Halte Busway Pancoran Tugu)"                                                        , -6.2430067, 106.8439088
        2024, KOTA ADM. JAKARTA SELATAN, HLT202400786 , TRANSJAKARTA, 133010135001, "Jl. Jend. Gatot Subroto No.Kav 53, Kuningan Tim.,, RT.1/RW.4, Kuningan Tim., Kecamatan Setiabudi, Kota KOTA ADM. JAKARTA SELATAN, Daerah Khusus Ibukota Jakarta 12950 (Halte Busway Tegal Parang)"         , -6.2250095, 106.8420789
        2024, KOTA ADM. JAKARTA SELATAN, HLT202400788 , TRANSJAKARTA, 133010135001, "AH2, RT.5/RW.4, Kuningan Tim., Kecamatan Setiabudi, Kota KOTA ADM. JAKARTA SELATAN, Daerah Khusus Ibukota Jakarta, 12710 (Halte Busway Kuningan Barat)"                                                    , -6.2376441, 106.8278257
        2024, KOTA ADM. JAKARTA SELATAN, HLT202400790 , TRANSJAKARTA, 133010135001, "Jl. Gatot Subroto, RT.6/RW.3, Kuningan, Kuningan Tim., Kecamatan Setiabudi, Kota KOTA ADM. JAKARTA SELATAN, Daerah Khusus Ibukota Jakarta 12950 (Halte Busway Jamsostek Gatot Subroto )"                   , -6.2326072, 106.8214948
        2024, KOTA ADM. JAKARTA SELATAN, HLT202400791 , TRANSJAKARTA, 133010135001, "Jl. Gatot Subroto, RT.7/RW.1, Senayan, Kec. Kby. Baru, Kota KOTA ADM. JAKARTA SELATAN, Daerah Khusus Ibukota Jakarta 12190 (Halte Gatot Subroto LIPI)"                                                     , -6.2266628, 106.8179848
        2024, KOTA ADM. JAKARTA UTARA  , HLT202400793 , TRANSJAKARTA, 133010135001, "Jl. DI. Panjaitan, RT.7/RW.11, Cipinang Cempedak, Kecamatan Jatinegara, Kota KOTA ADM. JAKARTA TIMUR, Daerah Khusus Ibukota Jakarta 13340 (Halte Busway Cawang Sutoyo)"                                    , -6.2452282, 106.8754939
        2024, KOTA ADM. JAKARTA TIMUR  , HLT202400794 , TRANSJAKARTA, 133010118004, "Jl. Mayjen Sutoyo, RT.9/RW.6, Cawang, Kec. Kramat jati, Kota KOTA ADM. JAKARTA TIMUR, Daerah Khusus Ibukota Jakarta 13630 (Bawah Sutet)"                                                                   , -6.2500808, 106.8731892
        2024, KOTA ADM. JAKARTA SELATAN, HLT202400795 , TRANSJAKARTA, 133010135001, "Jl. Gatot Subroto, RT.1/RW.4, Karet Semanggi, Setia Budi, Kota KOTA ADM. JAKARTA SELATAN, Daerah Khusus Ibukota Jakarta 12930 (Halte Busway Semanggi)"                                                     , -6.208046 , 106.8043196
        2024, KOTA ADM. JAKARTA PUSAT  , HLT202400797 , TRANSJAKARTA, 133010135001, "Jalan Jendral Gatot Subroto, RT.9/RW.2, Bendungan Hilir, Tanah Abang, Kota KOTA ADM. JAKARTA PUSAT, 10210 (Halte Busway JCC Senayan)"                                                                      , -6.2139487, 106.8089887
        2024, KOTA ADM. JAKARTA BARAT  , HLT202400800 , TRANSJAKARTA, 133010135001, "Jl. Tentara Pelajar KOTA ADM. JAKARTA PUSAT, Petamburan, Tanahabang, Kota KOTA ADM. JAKARTA PUSAT, Daerah Khusus Ibukota Jakarta (Halte Busway Slipi Petamburan)"                                          , -6.2078088, 106.7971859
        2024, KOTA ADM. JAKARTA BARAT  , HLT202400802 , TRANSJAKARTA, 133010135001, "No.Kav 78, Jalan Letjen. S. Parman, Palmerah, Daerah Khusus Ibukota Jakarta 11410, Indonesia, Daerah Khusus Ibukota Jakarta (Halte Busway Slipi Kemanggisan)"                                              , -6.190315 , 106.7973183
        2024, KOTA ADM. JAKARTA BARAT  , HLT202400804 , TRANSJAKARTA, 133010135001, "JL. Letjend S. Parman Kota Bambu Utara, Kec. Palmerah, Kota KOTA ADM. JAKARTA BARAT, Daerah Khusus Ibukota Jakarta (Halte Busway RS Harapan Kita)"                                                         , -6.1847834, 106.797089
        2024, KOTA ADM. JAKARTA BARAT  , HLT202400805 , TRANSJAKARTA, 133010135001, "Jl. Letjend S Parman RT.12/RW.1, Tomang, Kec. Grogol petamburan, Kota KOTA ADM. JAKARTA BARAT, Daerah Khusus Ibukota Jakarta 11470 (Halte Busway S. Parman Podomoro City)"                                 , -6.1757375, 106.7921909
        2024, KOTA ADM. JAKARTA TIMUR  , HLT202400807 , TRANSJAKARTA, 133010135001, "Jl. Mayjend Sutoyo Cililitan, Kec. Kramat jati, Kota KOTA ADM. JAKARTA TIMUR, Daerah Khusus Ibukota Jakarta 13510 (Halte Busway PGC1)"                                                                     , -6.2624633, 106.8664854
        2024, KOTA ADM. JAKARTA TIMUR  , HLT202400810 , TRANSJAKARTA, 133010135001, "Jalan Raya Bogor, Rambutan, Ciracas, Kota KOTA ADM. JAKARTA TIMUR, 13830 (Halte Busway Harapan Bunda)"                                                                                                     , -6.3019775, 106.8680686
        2024, KOTA ADM. JAKARTA TIMUR  , HLT202400812 , TRANSJAKARTA, 133010135001, "Jl. Raya Bogor RW.7, Rambutan, Kec. Ciracas, Kota KOTA ADM. JAKARTA TIMUR, Daerah Khusus Ibukota Jakarta 13540 (Halte Busway Pasar Induk)"                                                                 , -6.2942432, 106.8721727
        2024, KOTA ADM. JAKARTA PUSAT  , HLT202400813 , TRANSJAKARTA, 133010135001, "Jl. Raya Bogor RW.7, Rambutan, Kec. Ciracas, Kota KOTA ADM. JAKARTA TIMUR, Daerah Khusus Ibukota Jakarta 13540 (Halte Busway Pasar Kramat Jati)"                                                           , -6.2687058, 106.8666746
        2024, KOTA ADM. JAKARTA SELATAN, HLT202400711 , TRANSJAKARTA, 133010135001, "Jl. Arteri Permata Hijau RT.4/RW.2, Grogol Utara, Kec. Kby. Lama, Kota KOTA ADM. JAKARTA SELATAN, Daerah Khusus Ibukota Jakarta 12210 (Halte Busway Permata Hijau)"                                        , -6.2213933, 106.7832167
        2024, KOTA ADM. JAKARTA BARAT  , HLT202400712 , TRANSJAKARTA, 133010135001, "Jl. Arteri Permata Hijau RT.7/RW.8, Sukabumi Sel., Kec. Kb. Jeruk, Kota KOTA ADM. JAKARTA BARAT, Daerah Khusus Ibukota Jakarta 11560 (Halte Busway Permata Hijau RS Medika)"                               , -6.2184317, 106.7774308
        2024, KOTA ADM. JAKARTA SELATAN, HLT202400713 , TRANSJAKARTA, 133010118004, "Jl. Pangeran Tubagus Angke 8, RT.13/RW.7, Jelambar Baru, Kec. Grogol petamburan, Kota KOTA ADM. JAKARTA BARAT, Daerah Khusus Ibukota Jakarta 14450 (Depan BNI)"                                            , -6.1436762, 106.7874933
        2024, KOTA ADM. JAKARTA BARAT  , HLT202400732 , TRANSJAKARTA, 133010135001, "Jl. Raya Kelapa Dua RT.2/RW.2, Klp. Dua, Kec. Kb. Jeruk, Kota KOTA ADM. JAKARTA BARAT, Daerah Khusus Ibukota Jakarta 11550 (Halte Busway Kelapa Dua Sasak)"                                                , -6.2056258, 106.7695708
        2024, KOTA ADM. JAKARTA BARAT  , HLT202400734 , TRANSJAKARTA, 133010135001, "Jl. Panjang No.8, Kb. Jeruk, Kec. Kb. Jeruk, Kota KOTA ADM. JAKARTA BARAT, Daerah Khusus Ibukota Jakarta 11530 (Halte Busway Kebon Jeruk)"                                                                 , -6.1943347, 106.7687955
